id,nome,rank
1,Yuri,Ouro
2,Kaique,Ouro
3,Bianca,Ouro
4,Rafa,Platina
5,Larissa,Ouro
6,Diego,Prata
7,Camila,Platina
8,Vitor,Ouro
9,Marina,Ouro
10,Thiago,Platina
11,Alice,Platina
12,Bruno,Diamante
13,Sofia,Platina
14,Gustavo,Platina
15,Isabela,Ouro
16,Lucas,Prata
17,Manuela,Platina
18,Pedro,Diamante
19,Julia,Platina
20,Enzo,Ouro
21,Helena,Platina
22,Davi,Prata
23,Laura,Ouro
24,Miguel,Platina
25,Valentina,Diamante
26,Arthur,Ouro
27,Heloisa,Platina
28,Gabriel,Platina
29,Livia,Platina
30,Matheus,Prata
