Jogador,HorasJogadas,Vitorias,Derrotas,KD,WinRate,Rank
Pedro,25.2,28,22,2.99,56.0,Diamante
Bruno,35.6,49,25,2.93,66.2,Diamante
Rafa,44.1,61,33,2.58,64.9,Platina
Helena,33.5,42,29,2.55,59.2,Platina
Livia,12.7,20,9,2.45,69.0,Platina
Sofia,28.0,41,17,2.33,70.7,Platina
Gabriel,17.8,18,21,2.3,46.2,Platina
Miguel,47.1,51,47,2.27,52.0,Platina
Valentina,12.7,16,9,2.25,64.0,Diamante
Manuela,31.4,32,33,2.22,49.2,Platina
Heloisa,50.3,63,49,2.21,56.2,Platina
Camila,57.0,72,51,2.11,58.5,Platina
Gustavo,69.4,83,62,2.1,57.2,Platina
Yuri,16.1,14,22,2.09,38.9,Ouro
Thiago,61.5,65,63,2.07,50.8,Platina
Vitor,71.0,76,77,1.96,49.7,Ouro
Larissa,43.3,44,49,1.92,47.3,Ouro
Enzo,31.8,29,34,1.89,46.0,Ouro
Julia,25.5,24,30,1.85,44.4,Platina
Kaique,32.8,38,32,1.82,54.3,Ouro
Bianca,60.5,57,63,1.79,47.5,Ouro
Alice,14.8,17,15,1.75,53.1,Platina
Laura,61.1,61,63,1.74,49.2,Ouro
Marina,71.8,74,68,1.72,52.1,Ouro
Isabela,20.8,21,25,1.66,45.7,Ouro
Arthur,27.9,30,29,1.45,50.8,Ouro
Lucas,49.5,39,64,1.3,37.9,Prata
Matheus,52.8,45,67,1.2,40.2,Prata
Davi,71.8,56,102,1.18,35.4,Prata
Diego,28.1,19,41,1.03,31.7,Prata
